{
    "data":  [
    {
         "_id": "01001",
         "city": "AGAWAM1",
         "loc": [-72.622738999999995713,42.07020599999999888],
         "pop": "15338",
         "state": "MA"
    },
    {
         "_id": "01002",
         "city": "AGAWAM2",
         "loc": [-72.622738999999995714,42.07020599999999888],
         "pop": "25338",
         "state": "MA"
    },
    {
         "_id": "01003",
         "city": "AGAWAM2",
         "loc": [-72.622738999999995715,42.07020599999999888],
         "pop": "35338",
         "state": "MA"
    },
    {
         "_id": "01004",
         "city": "AGAWAM4",
         "loc": [-72.622738999999995716,42.07020599999999888],
         "pop": "45338",
         "state": "MA"
    }
  ]
}

